IP_Address,Country,City,Longitude,Latitude
195.201.108.108,Germany,,9.491,51.2993
51.195.39.214,France,,2.3387,48.8582
51.195.63.13,France,,2.3387,48.8582
5.83.165.14,Germany,,9.491,51.2993
85.190.157.170,United States,Los Angeles,-118.244,34.0544
88.198.16.22,Germany,,9.491,51.2993
5.83.170.128,Germany,,9.491,51.2993
5.83.171.122,Germany,,9.491,51.2993
78.129.240.145,United Kingdom,,-0.1224,51.4964
5.101.166.141,Germany,,9.491,51.2993
217.164.5.46,United Arab Emirates,Al Ain City,55.7623,24.19
54.37.200.239,United Kingdom,Brighton,-0.1158,50.8429
54.175.154.167,United States,Ashburn,-77.4728,39.0481
51.89.99.168,France,,2.3387,48.8582
31.214.160.100,Germany,,9.491,51.2993
54.167.123.147,United States,Ashburn,-77.4728,39.0481
5.83.171.222,Germany,,9.491,51.2993
5.83.171.247,Germany,,9.491,51.2993
45.159.7.99,United Kingdom,Reading,-0.9207,51.4032
18.212.26.159,United States,Ashburn,-77.4728,39.0481
18.234.120.23,United States,Ashburn,-77.4728,39.0481
95.156.250.79,Germany,,9.491,51.2993
3.89.58.221,United States,Ashburn,-77.4728,39.0481
46.251.238.153,Germany,,9.491,51.2993
34.205.63.179,United States,Ashburn,-77.4728,39.0481
18.212.133.64,United States,Ashburn,-77.4728,39.0481
35.175.233.56,United States,Ashburn,-77.4728,39.0481
51.68.102.244,France,,2.3387,48.8582
5.101.166.192,Germany,,9.491,51.2993
5.101.166.55,Germany,,9.491,51.2993
46.251.238.167,Germany,,9.491,51.2993
54.226.113.228,United States,Ashburn,-77.4728,39.0481
46.251.233.87,Germany,,9.491,51.2993
5.101.166.196,Germany,,9.491,51.2993
54.164.89.233,United States,Ashburn,-77.4728,39.0481
185.239.237.223,Germany,,9.491,51.2993
54.221.114.213,United States,Ashburn,-77.4728,39.0481
52.204.251.249,United States,Ashburn,-77.4728,39.0481
178.80.69.254,Saudi Arabia,Dammam,50.1116,26.4336
3.80.67.210,United States,Ashburn,-77.4728,39.0481
3.85.42.252,United States,Ashburn,-77.4728,39.0481
54.196.202.23,United States,Ashburn,-77.4728,39.0481
34.235.160.20,United States,Ashburn,-77.4728,39.0481
34.207.171.205,United States,Ashburn,-77.4728,39.0481
5.83.165.37,Germany,,9.491,51.2993
52.90.212.36,United States,Ashburn,-77.4728,39.0481
185.185.133.55,Israel,,34.75,31.5
95.156.194.187,United States,Los Angeles,-118.2578,34.0549
5.83.165.75,Germany,,9.491,51.2993
3.87.39.30,United States,Ashburn,-77.4728,39.0481
54.221.55.15,United States,Ashburn,-77.4728,39.0481
3.80.70.207,United States,Ashburn,-77.4728,39.0481
3.94.162.15,United States,Ashburn,-77.4728,39.0481
158.69.22.184,Canada,Montreal,-73.5848,45.4995
107.21.138.105,United States,Ashburn,-77.4728,39.0481
18.234.144.199,United States,Ashburn,-77.4728,39.0481
52.90.72.57,United States,Ashburn,-77.4728,39.0481
54.91.176.247,United States,Ashburn,-77.4728,39.0481
148.251.31.226,Germany,,9.491,51.2993
204.236.245.10,United States,Ashburn,-77.4728,39.0481
5.83.165.88,Germany,,9.491,51.2993
54.144.254.197,United States,Ashburn,-77.4728,39.0481
85.190.148.87,Germany,,9.491,51.2993
103.214.108.4,United States,Los Angeles,-118.2606,34.0729
5.83.165.36,Germany,,9.491,51.2993
54.196.97.129,United States,Ashburn,-77.4728,39.0481
52.91.107.100,United States,Ashburn,-77.4728,39.0481
95.16.189.196,Spain,Huelva,-6.9433,37.2726
92.96.77.54,United Arab Emirates,Abu Dhabi,54.363,24.4638
5.62.127.245,United Kingdom,London,-0.02,51.5064
3.208.31.49,United States,Ashburn,-77.4728,39.0481
54.166.155.233,United States,Ashburn,-77.4728,39.0481
174.129.67.29,United States,Ashburn,-77.4728,39.0481
54.91.176.254,United States,Ashburn,-77.4728,39.0481
85.190.154.179,Germany,,9.491,51.2993
54.166.225.126,United States,Ashburn,-77.4728,39.0481
35.175.192.167,United States,Ashburn,-77.4728,39.0481
157.175.59.245,Bahrain,,50.55,26.0333
95.156.213.154,Germany,,9.491,51.2993
46.251.238.172,Germany,,9.491,51.2993
46.251.238.168,Germany,,9.491,51.2993
100.26.31.20,United States,Ashburn,-77.4728,39.0481
5.83.171.26,Germany,,9.491,51.2993
54.198.40.119,United States,Ashburn,-77.4728,39.0481
31.214.160.126,Germany,,9.491,51.2993
5.83.170.83,Germany,,9.491,51.2993
46.251.238.169,Germany,,9.491,51.2993
18.232.110.151,United States,Ashburn,-77.4728,39.0481
34.229.122.0,United States,Ashburn,-77.4728,39.0481
52.23.195.53,United States,Ashburn,-77.4728,39.0481
34.230.76.192,United States,Ashburn,-77.4728,39.0481
5.83.170.142,Germany,,9.491,51.2993
54.166.13.61,United States,Ashburn,-77.4728,39.0481
52.90.90.52,United States,Ashburn,-77.4728,39.0481
3.85.244.124,United States,Ashburn,-77.4728,39.0481
18.234.124.164,United States,Ashburn,-77.4728,39.0481
51.178.65.70,France,,2.3387,48.8582
52.207.229.44,United States,Ashburn,-77.4728,39.0481
54.227.115.0,United States,Ashburn,-77.4728,39.0481
5.83.165.207,Germany,,9.491,51.2993
34.229.215.161,United States,Ashburn,-77.4728,39.0481
35.173.213.195,United States,Ashburn,-77.4728,39.0481
54.224.125.25,United States,Ashburn,-77.4728,39.0481
54.174.210.238,United States,Ashburn,-77.4728,39.0481
54.89.97.66,United States,Ashburn,-77.4728,39.0481
3.94.98.100,United States,Ashburn,-77.4728,39.0481
54.234.59.214,United States,Ashburn,-77.4728,39.0481
54.236.222.45,United States,Ashburn,-77.4728,39.0481
54.152.175.136,United States,Ashburn,-77.4728,39.0481
54.91.205.155,United States,Ashburn,-77.4728,39.0481
18.209.49.211,United States,Ashburn,-77.4728,39.0481
54.162.51.85,United States,Ashburn,-77.4728,39.0481
184.73.28.243,United States,Ashburn,-77.4728,39.0481
100.24.60.239,United States,Ashburn,-77.4728,39.0481
54.144.88.143,United States,Ashburn,-77.4728,39.0481
54.166.209.59,United States,Ashburn,-77.4728,39.0481
18.212.145.41,United States,Ashburn,-77.4728,39.0481
46.251.238.164,Germany,,9.491,51.2993
184.72.136.242,United States,Ashburn,-77.4728,39.0481
5.83.170.119,Germany,,9.491,51.2993
128.0.115.35,Australia,Sydney,151.181,-33.943
3.91.160.236,United States,Ashburn,-77.4728,39.0481
85.190.154.103,Germany,,9.491,51.2993
54.211.11.243,United States,Ashburn,-77.4728,39.0481
18.212.3.86,United States,Ashburn,-77.4728,39.0481
18.208.227.204,United States,Ashburn,-77.4728,39.0481
3.90.26.234,United States,Ashburn,-77.4728,39.0481
18.212.207.146,United States,Ashburn,-77.4728,39.0481
52.91.255.81,United States,Ashburn,-77.4728,39.0481
46.251.238.177,Germany,,9.491,51.2993
37.10.127.67,United States,Los Angeles,-118.2578,34.0549
46.251.238.160,Germany,,9.491,51.2993
54.161.175.139,United States,Ashburn,-77.4728,39.0481
3.90.253.166,United States,Ashburn,-77.4728,39.0481
52.87.189.215,United States,Ashburn,-77.4728,39.0481
3.84.96.48,United States,Ashburn,-77.4728,39.0481
3.85.194.21,United States,Ashburn,-77.4728,39.0481
54.234.200.25,United States,Ashburn,-77.4728,39.0481
3.93.57.57,United States,Ashburn,-77.4728,39.0481
34.239.131.185,United States,Ashburn,-77.4728,39.0481
3.89.253.134,United States,Ashburn,-77.4728,39.0481
52.23.184.87,United States,Ashburn,-77.4728,39.0481
85.190.158.47,United States,New York,-74.0029,40.7145
3.82.48.167,United States,Ashburn,-77.4728,39.0481
54.39.28.79,Canada,,-79.3716,43.6319
5.83.165.150,Germany,,9.491,51.2993
54.82.171.107,United States,Ashburn,-77.4728,39.0481
185.198.188.133,United Kingdom,London,-0.02,51.5064
54.86.233.118,United States,Ashburn,-77.4728,39.0481
54.146.209.94,United States,Ashburn,-77.4728,39.0481
37.10.127.83,United States,Los Angeles,-118.2578,34.0549
128.0.115.38,Australia,Sydney,151.181,-33.943
54.80.239.12,United States,Ashburn,-77.4728,39.0481
52.90.231.80,United States,Ashburn,-77.4728,39.0481
18.212.84.8,United States,Ashburn,-77.4728,39.0481
54.198.50.77,United States,Ashburn,-77.4728,39.0481
151.80.99.159,Italy,,12.1097,43.1479
94.130.51.183,Germany,Hanover,9.7082,52.3685
54.144.77.229,United States,Ashburn,-77.4728,39.0481
185.179.202.71,United Arab Emirates,Dubai,55.3087,25.2633
3.88.105.65,United States,Ashburn,-77.4728,39.0481
54.227.93.14,United States,Ashburn,-77.4728,39.0481
5.83.170.166,Germany,,9.491,51.2993
3.82.11.255,United States,Ashburn,-77.4728,39.0481
3.85.169.96,United States,Ashburn,-77.4728,39.0481
54.80.182.237,United States,Ashburn,-77.4728,39.0481
54.242.228.173,United States,Ashburn,-77.4728,39.0481
46.251.238.155,Germany,,9.491,51.2993
52.23.232.248,United States,Ashburn,-77.4728,39.0481
3.83.175.209,United States,Ashburn,-77.4728,39.0481
82.145.62.5,United Kingdom,,-0.1224,51.4964
18.215.148.100,United States,Ashburn,-77.4728,39.0481
3.91.62.195,United States,Ashburn,-77.4728,39.0481
52.91.111.61,United States,Ashburn,-77.4728,39.0481
52.201.193.238,United States,Ashburn,-77.4728,39.0481
3.84.42.255,United States,Ashburn,-77.4728,39.0481
54.234.82.244,United States,Ashburn,-77.4728,39.0481
3.88.235.41,United States,Ashburn,-77.4728,39.0481
54.163.30.52,United States,Ashburn,-77.4728,39.0481
34.228.65.76,United States,Ashburn,-77.4728,39.0481
54.90.226.14,United States,Ashburn,-77.4728,39.0481
34.230.81.201,United States,Ashburn,-77.4728,39.0481
176.57.168.85,Germany,Frankfurt am Main,8.7147,50.1103
52.91.42.95,United States,Ashburn,-77.4728,39.0481
193.138.43.27,Slovenia,Kranj,14.3556,46.2389
52.207.237.254,United States,Ashburn,-77.4728,39.0481
52.91.88.123,United States,Ashburn,-77.4728,39.0481
3.92.190.232,United States,Ashburn,-77.4728,39.0481
174.129.184.171,United States,Ashburn,-77.4728,39.0481
184.73.23.25,United States,Ashburn,-77.4728,39.0481
54.166.144.148,United States,Ashburn,-77.4728,39.0481
54.208.80.181,United States,Ashburn,-77.4728,39.0481
88.198.49.47,Germany,Ismaning,11.6858,48.2397
5.83.165.144,Germany,,9.491,51.2993
54.164.125.241,United States,Ashburn,-77.4728,39.0481
18.233.162.255,United States,Ashburn,-77.4728,39.0481
54.162.182.140,United States,Ashburn,-77.4728,39.0481
54.224.80.109,United States,Ashburn,-77.4728,39.0481
52.207.83.218,United States,Ashburn,-77.4728,39.0481
18.209.17.234,United States,Ashburn,-77.4728,39.0481
3.88.200.124,United States,Ashburn,-77.4728,39.0481
54.226.77.162,United States,Ashburn,-77.4728,39.0481
54.158.48.52,United States,Ashburn,-77.4728,39.0481
54.172.105.246,United States,Ashburn,-77.4728,39.0481
3.84.120.226,United States,Ashburn,-77.4728,39.0481
3.83.83.71,United States,Ashburn,-77.4728,39.0481
54.235.0.126,United States,Ashburn,-77.4728,39.0481
50.60.78.250,Saudi Arabia,Jeddah,39.2192,21.5168
54.166.107.43,United States,Ashburn,-77.4728,39.0481
18.208.133.186,United States,Ashburn,-77.4728,39.0481
52.70.7.3,United States,Ashburn,-77.4728,39.0481
3.91.145.132,United States,Ashburn,-77.4728,39.0481
3.83.232.145,United States,Ashburn,-77.4728,39.0481
3.86.138.41,United States,Ashburn,-77.4728,39.0481
3.87.135.101,United States,Ashburn,-77.4728,39.0481
3.90.210.162,United States,Ashburn,-77.4728,39.0481
34.239.185.142,United States,Ashburn,-77.4728,39.0481
54.82.78.29,United States,Ashburn,-77.4728,39.0481
3.80.206.167,United States,Ashburn,-77.4728,39.0481
107.23.30.216,United States,Ashburn,-77.4728,39.0481
184.73.19.119,United States,Ashburn,-77.4728,39.0481
34.224.70.147,United States,Ashburn,-77.4728,39.0481
54.166.108.74,United States,Ashburn,-77.4728,39.0481
107.173.81.54,United States,,-97.822,37.751
3.83.249.6,United States,Ashburn,-77.4728,39.0481
176.57.181.95,Germany,Frankfurt am Main,8.7147,50.1103
3.81.32.12,United States,Ashburn,-77.4728,39.0481
3.87.138.161,United States,Ashburn,-77.4728,39.0481
184.72.122.140,United States,Ashburn,-77.4728,39.0481
31.214.160.132,Germany,,9.491,51.2993
3.81.231.84,United States,Ashburn,-77.4728,39.0481
54.221.59.113,United States,Ashburn,-77.4728,39.0481
3.87.100.218,United States,Ashburn,-77.4728,39.0481
3.94.210.91,United States,Ashburn,-77.4728,39.0481
94.99.246.205,Saudi Arabia,Riyadh,46.7152,24.6537
54.221.71.138,United States,Ashburn,-77.4728,39.0481
54.88.128.164,United States,Ashburn,-77.4728,39.0481
46.251.238.171,Germany,,9.491,51.2993
18.208.161.42,United States,Ashburn,-77.4728,39.0481
52.90.150.128,United States,Ashburn,-77.4728,39.0481
5.101.166.207,Germany,,9.491,51.2993
5.83.170.49,Germany,,9.491,51.2993
54.157.16.109,United States,Ashburn,-77.4728,39.0481
54.82.52.51,United States,Ashburn,-77.4728,39.0481
18.234.113.148,United States,Ashburn,-77.4728,39.0481
34.230.47.38,United States,Ashburn,-77.4728,39.0481
54.208.54.80,United States,Ashburn,-77.4728,39.0481
18.232.155.195,United States,Ashburn,-77.4728,39.0481
5.83.170.200,Germany,,9.491,51.2993
34.207.105.59,United States,Ashburn,-77.4728,39.0481
199.68.204.22,United States,Bend,-121.2863,44.0944
54.90.241.79,United States,Ashburn,-77.4728,39.0481
31.214.160.104,Germany,,9.491,51.2993
54.88.143.186,United States,Ashburn,-77.4728,39.0481
52.90.0.227,United States,Ashburn,-77.4728,39.0481
54.196.207.21,United States,Ashburn,-77.4728,39.0481
18.205.243.32,United States,Ashburn,-77.4728,39.0481
5.83.170.74,Germany,,9.491,51.2993
54.84.96.164,United States,Ashburn,-77.4728,39.0481
54.37.245.21,France,,2.3387,48.8582
34.229.92.137,United States,Ashburn,-77.4728,39.0481
3.85.44.223,United States,Ashburn,-77.4728,39.0481
54.243.4.19,United States,Ashburn,-77.4728,39.0481
3.84.169.159,United States,Ashburn,-77.4728,39.0481
3.86.41.118,United States,Ashburn,-77.4728,39.0481
52.204.10.107,United States,Ashburn,-77.4728,39.0481
18.205.188.101,United States,Ashburn,-77.4728,39.0481
54.235.27.94,United States,Ashburn,-77.4728,39.0481
52.207.229.241,United States,Ashburn,-77.4728,39.0481
82.145.62.8,United Kingdom,,-0.1224,51.4964
37.210.77.98,Qatar,Doha,51.5321,25.2925
54.91.204.199,United States,Ashburn,-77.4728,39.0481
35.153.199.201,United States,Ashburn,-77.4728,39.0481
3.95.207.78,United States,Ashburn,-77.4728,39.0481
54.175.61.237,United States,Ashburn,-77.4728,39.0481
5.83.170.126,Germany,,9.491,51.2993
3.90.64.147,United States,Ashburn,-77.4728,39.0481
49.236.111.59,South Korea,Songpa-dong,127.1179,37.5082
54.205.176.30,United States,Ashburn,-77.4728,39.0481
54.91.1.172,United States,Ashburn,-77.4728,39.0481
34.235.139.174,United States,Ashburn,-77.4728,39.0481
18.234.113.129,United States,Ashburn,-77.4728,39.0481
54.82.83.58,United States,Ashburn,-77.4728,39.0481
54.91.254.71,United States,Ashburn,-77.4728,39.0481
52.207.248.98,United States,Ashburn,-77.4728,39.0481
34.224.28.211,United States,Ashburn,-77.4728,39.0481
37.187.249.66,France,,2.3387,48.8582
54.210.200.253,United States,Ashburn,-77.4728,39.0481
3.92.183.43,United States,Ashburn,-77.4728,39.0481
13.114.34.107,Japan,Tokyo,139.7532,35.6882
54.224.239.52,United States,Ashburn,-77.4728,39.0481
54.92.211.180,United States,Ashburn,-77.4728,39.0481
51.195.66.8,France,,2.3387,48.8582
54.204.151.5,United States,Ashburn,-77.4728,39.0481
54.86.120.65,United States,Ashburn,-77.4728,39.0481
34.235.117.51,United States,Ashburn,-77.4728,39.0481
3.93.248.125,United States,Ashburn,-77.4728,39.0481
54.158.253.144,United States,Ashburn,-77.4728,39.0481
193.70.80.27,France,,2.3387,48.8582
34.205.139.130,United States,Ashburn,-77.4728,39.0481
52.207.251.30,United States,Ashburn,-77.4728,39.0481
54.235.235.10,United States,Ashburn,-77.4728,39.0481
107.21.148.190,United States,Ashburn,-77.4728,39.0481
54.226.167.77,United States,Ashburn,-77.4728,39.0481
136.243.67.212,Germany,,9.491,51.2993
54.242.121.134,United States,Ashburn,-77.4728,39.0481
54.159.205.87,United States,Ashburn,-77.4728,39.0481
5.83.165.3,Germany,,9.491,51.2993
35.171.23.44,United States,Ashburn,-77.4728,39.0481
5.83.170.217,Germany,,9.491,51.2993
54.238.215.138,Japan,Tokyo,139.7532,35.6882
95.156.250.157,Germany,,9.491,51.2993
18.233.155.191,United States,Ashburn,-77.4728,39.0481
5.101.166.99,Germany,,9.491,51.2993
3.85.130.181,United States,Ashburn,-77.4728,39.0481
52.90.241.19,United States,Ashburn,-77.4728,39.0481
54.172.192.227,United States,Ashburn,-77.4728,39.0481
3.85.219.155,United States,Ashburn,-77.4728,39.0481
85.190.159.137,United States,Miami,-80.1817,25.7741
52.87.182.238,United States,Ashburn,-77.4728,39.0481
176.57.169.3,Germany,Frankfurt am Main,8.7147,50.1103
35.173.230.93,United States,Ashburn,-77.4728,39.0481
54.163.194.212,United States,Ashburn,-77.4728,39.0481
81.231.250.197,Sweden,Farsta strand,18.0854,59.2466
34.207.60.37,United States,Ashburn,-77.4728,39.0481
3.95.192.154,United States,Ashburn,-77.4728,39.0481
35.173.243.255,United States,Ashburn,-77.4728,39.0481
13.231.162.165,Japan,Tokyo,139.7532,35.6882
3.92.204.66,United States,Ashburn,-77.4728,39.0481
85.190.152.83,United States,Los Angeles,-118.244,34.0544
3.208.21.173,United States,Ashburn,-77.4728,39.0481
37.24.154.106,Germany,Bartholoma,9.9929,48.7517
3.88.47.253,United States,Ashburn,-77.4728,39.0481
107.22.97.25,United States,Ashburn,-77.4728,39.0481
45.159.7.101,United Kingdom,Reading,-0.9207,51.4032
3.80.215.71,United States,Ashburn,-77.4728,39.0481
5.83.171.215,Germany,,9.491,51.2993
3.94.249.96,United States,Ashburn,-77.4728,39.0481
18.234.221.158,United States,Ashburn,-77.4728,39.0481
31.214.160.190,Germany,,9.491,51.2993
184.72.198.240,United States,Ashburn,-77.4728,39.0481
3.88.63.166,United States,Ashburn,-77.4728,39.0481
18.177.136.122,Japan,Tokyo,139.7532,35.6882
54.95.55.182,Japan,Tokyo,139.7532,35.6882
35.175.234.59,United States,Ashburn,-77.4728,39.0481
100.26.52.201,United States,Ashburn,-77.4728,39.0481
54.145.103.138,United States,Ashburn,-77.4728,39.0481
54.83.176.76,United States,Ashburn,-77.4728,39.0481
52.203.181.46,United States,Ashburn,-77.4728,39.0481
54.238.129.103,Japan,Tokyo,139.7532,35.6882
54.249.28.149,Japan,Tokyo,139.7532,35.6882
34.229.117.76,United States,Ashburn,-77.4728,39.0481
35.170.201.213,United States,Ashburn,-77.4728,39.0481
34.228.19.148,United States,Ashburn,-77.4728,39.0481
50.17.97.246,United States,Ashburn,-77.4728,39.0481
31.214.160.172,Germany,,9.491,51.2993
3.80.101.62,United States,Ashburn,-77.4728,39.0481
3.94.5.114,United States,Ashburn,-77.4728,39.0481
5.83.170.96,Germany,,9.491,51.2993
3.81.145.255,United States,Ashburn,-77.4728,39.0481
35.174.173.87,United States,Ashburn,-77.4728,39.0481
107.22.110.47,United States,Ashburn,-77.4728,39.0481
54.80.36.66,United States,Ashburn,-77.4728,39.0481
34.224.173.95,United States,Ashburn,-77.4728,39.0481
54.227.9.6,United States,Ashburn,-77.4728,39.0481
128.0.113.53,Singapore,Singapore,103.7864,1.3001
3.92.224.176,United States,Ashburn,-77.4728,39.0481
37.10.127.69,United States,Los Angeles,-118.2578,34.0549
51.89.152.205,France,,2.3387,48.8582
46.251.238.170,Germany,,9.491,51.2993
3.87.205.90,United States,Ashburn,-77.4728,39.0481
54.234.231.0,United States,Ashburn,-77.4728,39.0481
18.234.91.114,United States,Ashburn,-77.4728,39.0481
54.209.157.68,United States,Ashburn,-77.4728,39.0481
184.72.209.47,United States,Ashburn,-77.4728,39.0481
45.92.36.71,United Kingdom,,-0.1224,51.4964
52.55.5.146,United States,Ashburn,-77.4728,39.0481
3.80.42.58,United States,Ashburn,-77.4728,39.0481
3.89.219.126,United States,Ashburn,-77.4728,39.0481
46.251.238.176,Germany,,9.491,51.2993
18.209.58.181,United States,Ashburn,-77.4728,39.0481
85.190.155.145,Germany,,9.491,51.2993
184.72.88.248,United States,Ashburn,-77.4728,39.0481
85.190.155.153,Germany,,9.491,51.2993
52.23.198.130,United States,Ashburn,-77.4728,39.0481
37.230.228.220,Russia,Moscow,37.6172,55.7527
54.90.193.77,United States,Ashburn,-77.4728,39.0481
3.87.155.87,United States,Ashburn,-77.4728,39.0481
5.83.171.232,Germany,,9.491,51.2993
3.88.209.4,United States,Ashburn,-77.4728,39.0481
3.86.160.188,United States,Ashburn,-77.4728,39.0481
18.233.163.194,United States,Ashburn,-77.4728,39.0481
54.234.95.52,United States,Ashburn,-77.4728,39.0481
54.161.59.102,United States,Ashburn,-77.4728,39.0481
188.0.7.255,Russia,Krasnoyarsk,92.7993,56.003
54.146.225.211,United States,Ashburn,-77.4728,39.0481
5.101.166.202,Germany,,9.491,51.2993
3.84.187.78,United States,Ashburn,-77.4728,39.0481
54.81.72.44,United States,Ashburn,-77.4728,39.0481
90.187.107.237,Germany,Berlin,13.3133,52.4839
3.89.69.22,United States,Ashburn,-77.4728,39.0481
54.80.66.93,United States,Ashburn,-77.4728,39.0481
3.84.179.205,United States,Ashburn,-77.4728,39.0481
52.206.165.100,United States,Ashburn,-77.4728,39.0481
54.165.229.246,United States,Ashburn,-77.4728,39.0481
54.159.57.232,United States,Ashburn,-77.4728,39.0481
78.101.91.91,Qatar,Doha,51.5321,25.2925
85.190.156.33,United States,Los Angeles,-118.244,34.0544
61.182.135.32,China,,113.7266,34.7725
54.83.165.102,United States,Ashburn,-77.4728,39.0481
100.26.59.231,United States,Ashburn,-77.4728,39.0481
52.91.142.85,United States,Ashburn,-77.4728,39.0481
54.91.131.86,United States,Ashburn,-77.4728,39.0481
35.172.220.95,United States,Ashburn,-77.4728,39.0481
54.205.52.32,United States,Ashburn,-77.4728,39.0481
3.88.91.165,United States,Ashburn,-77.4728,39.0481
18.206.117.238,United States,Ashburn,-77.4728,39.0481
18.207.126.10,United States,Ashburn,-77.4728,39.0481
54.175.53.222,United States,Ashburn,-77.4728,39.0481
54.237.199.115,United States,Ashburn,-77.4728,39.0481
52.91.253.207,United States,Ashburn,-77.4728,39.0481
34.229.111.169,United States,Ashburn,-77.4728,39.0481
54.91.224.2,United States,Ashburn,-77.4728,39.0481
34.230.89.83,United States,Ashburn,-77.4728,39.0481
52.205.14.230,United States,Ashburn,-77.4728,39.0481
54.145.248.155,United States,Ashburn,-77.4728,39.0481
54.87.31.72,United States,Ashburn,-77.4728,39.0481
34.207.217.123,United States,Ashburn,-77.4728,39.0481
52.205.255.57,United States,Ashburn,-77.4728,39.0481
3.94.8.126,United States,Ashburn,-77.4728,39.0481
34.230.77.159,United States,Ashburn,-77.4728,39.0481
174.129.152.60,United States,Ashburn,-77.4728,39.0481
54.158.124.80,United States,Ashburn,-77.4728,39.0481
54.165.114.81,United States,Ashburn,-77.4728,39.0481
3.89.84.39,United States,Ashburn,-77.4728,39.0481
18.207.124.104,United States,Ashburn,-77.4728,39.0481
35.174.165.248,United States,Ashburn,-77.4728,39.0481
46.251.238.157,Germany,,9.491,51.2993
52.90.234.52,United States,Ashburn,-77.4728,39.0481
54.167.64.243,United States,Ashburn,-77.4728,39.0481
184.72.98.227,United States,Ashburn,-77.4728,39.0481
95.156.213.146,Germany,,9.491,51.2993
38.39.199.101,United States,,-97.822,37.751
54.209.102.0,United States,Ashburn,-77.4728,39.0481
54.81.133.28,United States,Ashburn,-77.4728,39.0481
3.87.7.88,United States,Ashburn,-77.4728,39.0481
54.225.34.10,United States,Ashburn,-77.4728,39.0481
13.231.68.45,Japan,Tokyo,139.7532,35.6882
54.158.23.155,United States,Ashburn,-77.4728,39.0481
54.91.144.25,United States,Ashburn,-77.4728,39.0481
54.221.9.89,United States,Ashburn,-77.4728,39.0481
54.198.40.247,United States,Ashburn,-77.4728,39.0481
52.87.186.177,United States,Ashburn,-77.4728,39.0481
85.190.156.29,United States,Los Angeles,-118.244,34.0544
54.199.181.137,Japan,Tokyo,139.7532,35.6882
3.86.248.113,United States,Ashburn,-77.4728,39.0481
54.197.143.247,United States,Ashburn,-77.4728,39.0481
34.228.167.97,United States,Ashburn,-77.4728,39.0481
54.158.107.221,United States,Ashburn,-77.4728,39.0481
54.235.33.58,United States,Ashburn,-77.4728,39.0481
46.251.238.162,Germany,,9.491,51.2993
54.84.52.120,United States,Ashburn,-77.4728,39.0481
54.227.121.81,United States,Ashburn,-77.4728,39.0481
3.87.80.45,United States,Ashburn,-77.4728,39.0481
3.90.212.18,United States,Ashburn,-77.4728,39.0481
34.203.239.216,United States,Ashburn,-77.4728,39.0481
54.152.80.98,United States,Ashburn,-77.4728,39.0481
3.82.116.185,United States,Ashburn,-77.4728,39.0481
54.82.92.193,United States,Ashburn,-77.4728,39.0481
52.192.183.87,Japan,Tokyo,139.7532,35.6882
128.0.115.20,Australia,Sydney,151.181,-33.943
3.89.19.49,United States,Ashburn,-77.4728,39.0481
46.251.238.101,Germany,,9.491,51.2993
54.91.204.235,United States,Ashburn,-77.4728,39.0481
5.101.166.193,Germany,,9.491,51.2993
54.226.224.246,United States,Ashburn,-77.4728,39.0481
54.145.246.165,United States,Ashburn,-77.4728,39.0481
3.85.27.51,United States,Ashburn,-77.4728,39.0481
18.208.246.0,United States,Ashburn,-77.4728,39.0481
34.229.121.22,United States,Ashburn,-77.4728,39.0481
100.26.43.152,United States,Ashburn,-77.4728,39.0481
54.211.61.154,United States,Ashburn,-77.4728,39.0481
54.146.232.242,United States,Ashburn,-77.4728,39.0481
52.91.233.133,United States,Ashburn,-77.4728,39.0481
54.226.43.127,United States,Ashburn,-77.4728,39.0481
52.70.223.185,United States,Ashburn,-77.4728,39.0481
52.90.252.115,United States,Ashburn,-77.4728,39.0481
184.72.116.237,United States,Ashburn,-77.4728,39.0481
220.194.68.26,China,,113.7266,34.7725
5.83.170.63,Germany,,9.491,51.2993
34.203.202.95,United States,Ashburn,-77.4728,39.0481
54.161.137.87,United States,Ashburn,-77.4728,39.0481
54.146.50.170,United States,Ashburn,-77.4728,39.0481
52.202.234.207,United States,Ashburn,-77.4728,39.0481
3.81.119.236,United States,Ashburn,-77.4728,39.0481
35.168.14.53,United States,Ashburn,-77.4728,39.0481
107.20.1.7,United States,Ashburn,-77.4728,39.0481
185.66.84.215,Russia,,37.6068,55.7386
128.0.115.40,Australia,Sydney,151.181,-33.943
34.224.80.224,United States,Ashburn,-77.4728,39.0481
3.87.115.80,United States,Ashburn,-77.4728,39.0481
5.62.127.248,United Kingdom,London,-0.02,51.5064
194.147.120.61,United Kingdom,,-2.0509,51.9222
54.242.143.32,United States,Ashburn,-77.4728,39.0481
52.207.113.111,United States,Ashburn,-77.4728,39.0481
54.173.176.225,United States,Ashburn,-77.4728,39.0481
54.209.247.237,United States,Ashburn,-77.4728,39.0481
34.203.14.156,United States,Ashburn,-77.4728,39.0481
54.146.246.25,United States,Ashburn,-77.4728,39.0481
54.163.131.80,United States,Ashburn,-77.4728,39.0481
95.156.213.160,Germany,,9.491,51.2993
34.230.16.254,United States,Ashburn,-77.4728,39.0481
100.24.23.77,United States,Ashburn,-77.4728,39.0481
54.221.177.54,United States,Ashburn,-77.4728,39.0481
100.26.193.244,United States,Ashburn,-77.4728,39.0481
85.190.152.14,United States,Los Angeles,-118.244,34.0544
54.88.153.16,United States,Ashburn,-77.4728,39.0481
107.23.24.14,United States,Ashburn,-77.4728,39.0481
176.57.174.185,Germany,Frankfurt am Main,8.7147,50.1103
18.182.1.81,Japan,Tokyo,139.7532,35.6882
54.80.27.160,United States,Ashburn,-77.4728,39.0481
3.85.228.118,United States,Ashburn,-77.4728,39.0481
18.212.253.51,United States,Ashburn,-77.4728,39.0481
3.81.147.195,United States,Ashburn,-77.4728,39.0481
54.237.201.76,United States,Ashburn,-77.4728,39.0481
3.80.30.89,United States,Ashburn,-77.4728,39.0481
3.90.243.235,United States,Ashburn,-77.4728,39.0481
54.175.209.101,United States,Ashburn,-77.4728,39.0481
52.91.40.103,United States,Ashburn,-77.4728,39.0481
54.174.75.43,United States,Ashburn,-77.4728,39.0481
3.91.234.215,United States,Ashburn,-77.4728,39.0481
54.162.176.46,United States,Ashburn,-77.4728,39.0481
13.115.73.28,Japan,Tokyo,139.7532,35.6882
52.207.221.200,United States,Ashburn,-77.4728,39.0481
85.190.158.67,United States,New York,-74.0029,40.7145
34.207.226.52,United States,Ashburn,-77.4728,39.0481
18.204.215.206,United States,Ashburn,-77.4728,39.0481
54.92.222.93,United States,Ashburn,-77.4728,39.0481
34.204.84.7,United States,Ashburn,-77.4728,39.0481
3.94.87.18,United States,Ashburn,-77.4728,39.0481
3.82.223.102,United States,Ashburn,-77.4728,39.0481
3.80.235.243,United States,Ashburn,-77.4728,39.0481
3.88.65.17,United States,Ashburn,-77.4728,39.0481
85.190.152.33,United States,Los Angeles,-118.244,34.0544
34.229.155.113,United States,Ashburn,-77.4728,39.0481
37.187.254.230,France,,2.3387,48.8582
5.83.171.211,Germany,,9.491,51.2993
51.89.153.238,France,,2.3387,48.8582
3.92.134.132,United States,Ashburn,-77.4728,39.0481
54.160.174.218,United States,Ashburn,-77.4728,39.0481
36.27.209.169,China,,113.7266,34.7725
100.26.34.170,United States,Ashburn,-77.4728,39.0481
161.189.104.66,China,,106,37.25
35.153.159.229,United States,Ashburn,-77.4728,39.0481
54.172.12.202,United States,Ashburn,-77.4728,39.0481
3.87.253.45,United States,Ashburn,-77.4728,39.0481
3.85.80.69,United States,Ashburn,-77.4728,39.0481
3.90.87.153,United States,Ashburn,-77.4728,39.0481
3.95.200.50,United States,Ashburn,-77.4728,39.0481
54.198.75.202,United States,Ashburn,-77.4728,39.0481
3.88.142.228,United States,Ashburn,-77.4728,39.0481
54.158.211.217,United States,Ashburn,-77.4728,39.0481
18.234.69.209,United States,Ashburn,-77.4728,39.0481
54.198.9.56,United States,Ashburn,-77.4728,39.0481
3.87.50.217,United States,Ashburn,-77.4728,39.0481
54.90.120.83,United States,Ashburn,-77.4728,39.0481
18.181.244.118,Japan,Tokyo,139.7532,35.6882
54.84.128.163,United States,Ashburn,-77.4728,39.0481
52.90.64.232,United States,Ashburn,-77.4728,39.0481
52.83.40.109,China,,106,37.25
54.91.30.201,United States,Ashburn,-77.4728,39.0481
31.214.160.94,Germany,,9.491,51.2993
34.239.124.40,United States,Ashburn,-77.4728,39.0481
54.173.196.144,United States,Ashburn,-77.4728,39.0481
54.145.237.177,United States,Ashburn,-77.4728,39.0481
54.234.84.131,United States,Ashburn,-77.4728,39.0481
54.89.144.172,United States,Ashburn,-77.4728,39.0481
3.87.185.55,United States,Ashburn,-77.4728,39.0481
54.89.199.162,United States,Ashburn,-77.4728,39.0481
3.88.107.77,United States,Ashburn,-77.4728,39.0481
54.175.239.237,United States,Ashburn,-77.4728,39.0481
54.224.81.20,United States,Ashburn,-77.4728,39.0481
31.214.160.88,Germany,,9.491,51.2993
54.147.11.197,United States,Ashburn,-77.4728,39.0481
3.81.212.28,United States,Ashburn,-77.4728,39.0481
3.91.94.168,United States,Ashburn,-77.4728,39.0481
219.152.25.92,China,Chongqing,106.5531,29.5569
54.221.79.223,United States,Ashburn,-77.4728,39.0481
100.26.110.246,United States,Ashburn,-77.4728,39.0481
46.105.37.255,France,,2.3387,48.8582
85.190.156.5,United States,Los Angeles,-118.244,34.0544
3.95.167.57,United States,Ashburn,-77.4728,39.0481
185.57.71.51,Armenia,,45,40
54.249.43.6,Japan,Tokyo,139.7532,35.6882
85.190.159.135,United States,Miami,-80.1817,25.7741
3.82.15.121,United States,Ashburn,-77.4728,39.0481
5.101.166.137,Germany,,9.491,51.2993
5.83.171.28,Germany,,9.491,51.2993
68.79.53.58,China,,106,37.25
54.205.63.86,United States,Ashburn,-77.4728,39.0481
45.159.7.62,United Kingdom,Reading,-0.9207,51.4032
54.238.254.178,Japan,Tokyo,139.7532,35.6882
34.239.44.46,United States,Ashburn,-77.4728,39.0481
68.79.35.90,China,,106,37.25
31.214.160.156,Germany,,9.491,51.2993
36.27.209.34,China,,113.7266,34.7725
54.221.132.138,United States,Ashburn,-77.4728,39.0481
3.92.228.158,United States,Ashburn,-77.4728,39.0481
3.91.39.243,United States,Ashburn,-77.4728,39.0481
36.27.209.170,China,,113.7266,34.7725
54.227.17.181,United States,Ashburn,-77.4728,39.0481
3.84.225.0,United States,Ashburn,-77.4728,39.0481
85.190.155.143,Germany,,9.491,51.2993
35.173.252.65,United States,Ashburn,-77.4728,39.0481
85.190.154.33,Germany,,9.491,51.2993
34.235.146.4,United States,Ashburn,-77.4728,39.0481
18.181.176.145,Japan,Tokyo,139.7532,35.6882
54.234.21.220,United States,Ashburn,-77.4728,39.0481
54.168.189.244,Japan,Tokyo,139.7532,35.6882
188.48.252.91,Saudi Arabia,Jeddah,39.2192,21.5168
54.87.142.129,United States,Ashburn,-77.4728,39.0481
80.237.92.17,Russia,Novosibirsk,82.9428,55.041
52.86.23.145,United States,Ashburn,-77.4728,39.0481
54.159.82.189,United States,Ashburn,-77.4728,39.0481
34.205.64.52,United States,Ashburn,-77.4728,39.0481
54.235.230.170,United States,Ashburn,-77.4728,39.0481
13.231.245.126,Japan,Tokyo,139.7532,35.6882
54.242.17.95,United States,Ashburn,-77.4728,39.0481
18.176.57.223,Japan,Tokyo,139.7532,35.6882
46.251.238.148,Germany,,9.491,51.2993
52.55.218.220,United States,Ashburn,-77.4728,39.0481
3.89.132.66,United States,Ashburn,-77.4728,39.0481
46.251.238.163,Germany,,9.491,51.2993
107.22.139.181,United States,Ashburn,-77.4728,39.0481
54.242.136.77,United States,Ashburn,-77.4728,39.0481
34.224.102.172,United States,Ashburn,-77.4728,39.0481
185.221.44.205,Russia,Medvedovskaya,39.0266,45.4543
85.190.158.49,United States,New York,-74.0029,40.7145
5.83.165.77,Germany,,9.491,51.2993
54.162.119.68,United States,Ashburn,-77.4728,39.0481
50.17.54.47,United States,Ashburn,-77.4728,39.0481
3.112.35.55,Japan,Tokyo,139.7532,35.6882
54.82.240.235,United States,Ashburn,-77.4728,39.0481
18.234.245.79,United States,Ashburn,-77.4728,39.0481
52.82.108.227,China,,106,37.25
54.95.228.218,Japan,Tokyo,139.7532,35.6882
52.23.182.254,United States,Ashburn,-77.4728,39.0481
50.101.76.50,Canada,Vaughan,-79.504,43.8304
52.194.240.215,Japan,Tokyo,139.7532,35.6882
13.230.249.143,Japan,Tokyo,139.7532,35.6882
54.172.124.222,United States,Ashburn,-77.4728,39.0481
34.226.208.159,United States,Ashburn,-77.4728,39.0481
54.210.185.170,United States,Ashburn,-77.4728,39.0481
3.90.9.66,United States,Ashburn,-77.4728,39.0481
18.232.90.139,United States,Ashburn,-77.4728,39.0481
35.175.184.63,United States,Ashburn,-77.4728,39.0481
46.251.238.159,Germany,,9.491,51.2993
5.101.166.208,Germany,,9.491,51.2993
31.214.160.108,Germany,,9.491,51.2993
3.91.48.25,United States,Ashburn,-77.4728,39.0481
18.207.149.74,United States,Ashburn,-77.4728,39.0481
18.209.164.242,United States,Ashburn,-77.4728,39.0481
68.79.36.207,China,,106,37.25
54.199.50.82,Japan,Tokyo,139.7532,35.6882
54.196.78.71,United States,Ashburn,-77.4728,39.0481
220.194.68.15,China,,113.7266,34.7725
95.156.230.161,Germany,,9.491,51.2993
46.251.238.149,Germany,,9.491,51.2993
3.82.26.47,United States,Ashburn,-77.4728,39.0481
174.129.115.228,United States,Ashburn,-77.4728,39.0481
18.182.15.209,Japan,Tokyo,139.7532,35.6882
31.214.160.106,Germany,,9.491,51.2993
5.101.166.231,Germany,,9.491,51.2993
85.190.158.48,United States,New York,-74.0029,40.7145
34.207.117.126,United States,Ashburn,-77.4728,39.0481
85.190.157.183,United States,Los Angeles,-118.244,34.0544
3.112.131.242,Japan,Tokyo,139.7532,35.6882
18.212.156.23,United States,Ashburn,-77.4728,39.0481
18.233.155.217,United States,Ashburn,-77.4728,39.0481
54.152.251.198,United States,Ashburn,-77.4728,39.0481
161.189.107.196,China,,106,37.25
18.182.17.87,Japan,Tokyo,139.7532,35.6882
85.190.157.158,United States,Los Angeles,-118.244,34.0544
52.91.170.250,United States,Ashburn,-77.4728,39.0481
18.212.144.244,United States,Ashburn,-77.4728,39.0481
54.238.198.45,Japan,Tokyo,139.7532,35.6882
3.112.12.119,Japan,Tokyo,139.7532,35.6882
34.229.59.86,United States,Ashburn,-77.4728,39.0481
54.238.156.129,Japan,Tokyo,139.7532,35.6882
52.23.176.243,United States,Ashburn,-77.4728,39.0481
5.83.170.48,Germany,,9.491,51.2993
54.242.13.141,United States,Ashburn,-77.4728,39.0481
54.89.15.28,United States,Ashburn,-77.4728,39.0481
13.231.51.122,Japan,Tokyo,139.7532,35.6882
3.84.151.252,United States,Ashburn,-77.4728,39.0481
13.113.243.26,Japan,Tokyo,139.7532,35.6882
54.199.241.26,Japan,Tokyo,139.7532,35.6882
52.90.233.9,United States,Ashburn,-77.4728,39.0481
34.235.149.204,United States,Ashburn,-77.4728,39.0481
18.234.109.67,United States,Ashburn,-77.4728,39.0481
13.115.251.237,Japan,Tokyo,139.7532,35.6882
54.175.211.135,United States,Ashburn,-77.4728,39.0481
176.57.168.51,Germany,Frankfurt am Main,8.7147,50.1103
13.112.249.131,Japan,Tokyo,139.7532,35.6882
212.68.35.143,Turkey,,28.9948,41.0214
5.83.170.76,Germany,,9.491,51.2993
54.238.211.87,Japan,Tokyo,139.7532,35.6882
52.195.1.48,Japan,Tokyo,139.7532,35.6882
13.230.95.152,Japan,Tokyo,139.7532,35.6882
5.83.165.249,Germany,,9.491,51.2993
52.197.218.57,Japan,Tokyo,139.7532,35.6882
13.231.91.3,Japan,Tokyo,139.7532,35.6882
37.10.127.13,United States,Los Angeles,-118.2578,34.0549
3.112.54.217,Japan,Tokyo,139.7532,35.6882
3.113.4.60,Japan,Tokyo,139.7532,35.6882
5.101.166.203,Germany,,9.491,51.2993
54.238.244.169,Japan,Tokyo,139.7532,35.6882
54.95.109.151,Japan,Tokyo,139.7532,35.6882
37.10.124.238,United States,Los Angeles,-118.278,34.0584
3.83.115.249,United States,Ashburn,-77.4728,39.0481
52.193.2.149,Japan,Tokyo,139.7532,35.6882
54.172.160.162,United States,Ashburn,-77.4728,39.0481
54.250.240.248,Japan,Tokyo,139.7532,35.6882
52.195.9.217,Japan,Tokyo,139.7532,35.6882
212.68.35.147,Turkey,,28.9948,41.0214
52.91.85.35,United States,Ashburn,-77.4728,39.0481
54.87.46.172,United States,Ashburn,-77.4728,39.0481
54.91.225.27,United States,Ashburn,-77.4728,39.0481
18.232.120.29,United States,Ashburn,-77.4728,39.0481
85.190.154.30,Germany,,9.491,51.2993
3.112.18.224,Japan,Tokyo,139.7532,35.6882
5.83.171.189,Germany,,9.491,51.2993
13.115.23.22,Japan,Tokyo,139.7532,35.6882
52.90.75.30,United States,Ashburn,-77.4728,39.0481
13.231.82.204,Japan,Tokyo,139.7532,35.6882
95.156.230.83,Germany,,9.491,51.2993
212.68.35.157,Turkey,,28.9948,41.0214
13.230.133.102,Japan,Tokyo,139.7532,35.6882
13.230.123.119,Japan,Tokyo,139.7532,35.6882
3.91.92.148,United States,Ashburn,-77.4728,39.0481
3.93.54.27,United States,Ashburn,-77.4728,39.0481
54.224.91.208,United States,Ashburn,-77.4728,39.0481
46.251.238.165,Germany,,9.491,51.2993
18.179.28.155,Japan,Tokyo,139.7532,35.6882
54.238.231.211,Japan,Tokyo,139.7532,35.6882
54.91.6.44,United States,Ashburn,-77.4728,39.0481
85.190.157.159,United States,Los Angeles,-118.244,34.0544
13.231.97.110,Japan,Tokyo,139.7532,35.6882
212.68.35.79,Turkey,,28.9948,41.0214
31.214.160.142,Germany,,9.491,51.2993
3.94.3.174,United States,Ashburn,-77.4728,39.0481
54.163.233.228,United States,Ashburn,-77.4728,39.0481
18.181.173.22,Japan,Tokyo,139.7532,35.6882
95.217.63.55,Finland,Helsinki,24.9349,60.1758
52.83.45.53,China,,106,37.25
180.136.93.203,China,Nanning,108.3146,22.8137
3.112.17.115,Japan,Tokyo,139.7532,35.6882
18.181.172.213,Japan,Tokyo,139.7532,35.6882
54.199.21.90,Japan,Tokyo,139.7532,35.6882
5.83.170.109,Germany,,9.491,51.2993
54.85.199.127,United States,Ashburn,-77.4728,39.0481
54.91.184.252,United States,Ashburn,-77.4728,39.0481
3.89.24.186,United States,Ashburn,-77.4728,39.0481
18.182.17.56,Japan,Tokyo,139.7532,35.6882
18.181.246.13,Japan,Tokyo,139.7532,35.6882
52.68.88.26,Japan,Tokyo,139.7532,35.6882
176.57.140.36,Germany,Frankfurt am Main,8.7147,50.1103
221.167.226.174,South Korea,Songpa-dong,127.1179,37.5082
183.131.206.34,China,,113.7266,34.7725
18.181.79.85,Japan,Tokyo,139.7532,35.6882
212.68.35.78,Turkey,,28.9948,41.0214
13.113.240.174,Japan,Tokyo,139.7532,35.6882
18.182.2.84,Japan,Tokyo,139.7532,35.6882
54.157.200.194,United States,Ashburn,-77.4728,39.0481
85.190.156.30,United States,Los Angeles,-118.244,34.0544
3.81.174.143,United States,Ashburn,-77.4728,39.0481
161.189.176.215,China,,106,37.25
34.224.91.143,United States,Ashburn,-77.4728,39.0481
54.210.49.175,United States,Ashburn,-77.4728,39.0481
54.160.211.132,United States,Ashburn,-77.4728,39.0481
54.160.248.181,United States,Ashburn,-77.4728,39.0481
180.153.252.43,China,,113.7266,34.7725
54.91.177.63,United States,Ashburn,-77.4728,39.0481
87.221.64.122,Spain,Seville,-5.9789,37.3834
54.178.118.216,Japan,Tokyo,139.7532,35.6882
18.215.250.50,United States,Ashburn,-77.4728,39.0481
18.181.186.248,Japan,Tokyo,139.7532,35.6882
54.90.87.75,United States,Ashburn,-77.4728,39.0481
85.190.152.4,United States,Los Angeles,-118.244,34.0544
85.190.153.97,United States,Piscataway,-74.4606,40.5511
185.66.84.217,Russia,,37.6068,55.7386
128.0.112.215,Singapore,Singapore,103.7864,1.3001
3.115.13.172,Japan,Tokyo,139.7532,35.6882
13.114.34.177,Japan,Tokyo,139.7532,35.6882
54.234.9.57,United States,Ashburn,-77.4728,39.0481
18.181.217.41,Japan,Tokyo,139.7532,35.6882
18.181.223.183,Japan,Tokyo,139.7532,35.6882
161.189.62.207,China,,106,37.25
128.0.115.21,Australia,Sydney,151.181,-33.943
37.10.127.64,United States,Los Angeles,-118.2578,34.0549
68.79.24.243,China,,106,37.25
54.198.170.243,United States,Ashburn,-77.4728,39.0481
87.244.177.193,Ukraine,Kremenchug,33.4279,49.0756
222.237.185.220,South Korea,Anyang-si,126.9167,37.3907
18.181.249.116,Japan,Tokyo,139.7532,35.6882
85.190.152.59,United States,Los Angeles,-118.244,34.0544
18.182.30.129,Japan,Tokyo,139.7532,35.6882
85.190.152.9,United States,Los Angeles,-118.244,34.0544
18.182.11.153,Japan,Tokyo,139.7532,35.6882
5.83.171.254,Germany,,9.491,51.2993
45.92.39.48,United States,Secaucus,-74.06,40.7876
85.190.154.31,Germany,,9.491,51.2993
85.190.155.82,Germany,,9.491,51.2993
85.190.149.94,United Kingdom,London,-0.093,51.5164
54.199.185.160,Japan,Tokyo,139.7532,35.6882
3.112.188.198,Japan,Tokyo,139.7532,35.6882
54.248.203.173,Japan,Tokyo,139.7532,35.6882
13.230.103.208,Japan,Tokyo,139.7532,35.6882
54.250.100.169,Japan,Tokyo,139.7532,35.6882
222.187.238.166,China,,113.7266,34.7725
46.251.234.134,United Kingdom,London,-0.02,51.5064
13.231.228.135,Japan,Tokyo,139.7532,35.6882
3.87.98.26,United States,Ashburn,-77.4728,39.0481
3.85.30.114,United States,Ashburn,-77.4728,39.0481
34.207.196.18,United States,Ashburn,-77.4728,39.0481
54.92.158.148,United States,Ashburn,-77.4728,39.0481
85.190.152.10,United States,Los Angeles,-118.244,34.0544
13.115.217.172,Japan,Tokyo,139.7532,35.6882
139.99.140.142,Australia,Sydney,151.2002,-33.8591
54.238.74.186,Japan,Tokyo,139.7532,35.6882
18.182.19.0,Japan,Tokyo,139.7532,35.6882
185.223.28.167,Germany,,9.491,51.2993
18.181.227.134,Japan,Tokyo,139.7532,35.6882
52.204.102.107,United States,Ashburn,-77.4728,39.0481
18.181.248.184,Japan,Tokyo,139.7532,35.6882
54.199.112.136,Japan,Tokyo,139.7532,35.6882
161.189.221.161,China,,106,37.25
3.89.161.103,United States,Ashburn,-77.4728,39.0481
54.242.194.79,United States,Ashburn,-77.4728,39.0481
13.231.181.162,Japan,Tokyo,139.7532,35.6882
3.112.219.14,Japan,Tokyo,139.7532,35.6882
52.91.25.83,United States,Ashburn,-77.4728,39.0481
95.156.213.155,Germany,,9.491,51.2993
18.177.138.78,Japan,Tokyo,139.7532,35.6882
54.158.221.117,United States,Ashburn,-77.4728,39.0481
54.95.99.7,Japan,Tokyo,139.7532,35.6882
110.42.10.141,China,,113.7266,34.7725
18.179.27.188,Japan,Tokyo,139.7532,35.6882
85.190.155.140,Germany,,9.491,51.2993
54.95.196.208,Japan,Tokyo,139.7532,35.6882
170.81.41.84,Brazil,Xaxim,-52.5161,-26.9869
54.221.46.0,United States,Ashburn,-77.4728,39.0481
54.197.36.232,United States,Ashburn,-77.4728,39.0481
85.190.154.38,Germany,,9.491,51.2993
125.88.173.38,China,,113.7266,34.7725
13.231.205.111,Japan,Tokyo,139.7532,35.6882
95.156.213.138,Germany,,9.491,51.2993
3.112.240.191,Japan,Tokyo,139.7532,35.6882
212.68.35.139,Turkey,,28.9948,41.0214
95.156.213.137,Germany,,9.491,51.2993
54.89.51.73,United States,Ashburn,-77.4728,39.0481
73.220.97.15,United States,Chico,-121.867,39.8068
68.61.83.9,United States,Oak Park,-83.1882,42.4681
68.79.19.156,China,,106,37.25
122.40.194.89,South Korea,Paju,126.7698,37.7602
88.17.245.75,Spain,Madrid,-3.7016,40.4143
13.230.255.11,Japan,Tokyo,139.7532,35.6882
37.42.80.29,Saudi Arabia,Riyadh,46.7152,24.6537
13.115.250.31,Japan,Tokyo,139.7532,35.6882
213.32.6.5,France,,2.3387,48.8582
18.179.13.243,Japan,Tokyo,139.7532,35.6882
85.190.157.166,United States,Los Angeles,-118.244,34.0544
94.48.19.45,Saudi Arabia,Jeddah,39.2192,21.5168
46.4.121.38,Germany,Rostock,12.1243,54.1243
195.201.80.229,Germany,,9.491,51.2993
82.65.86.21,France,,2.3387,48.8582
85.190.155.193,Germany,,9.491,51.2993
13.231.204.253,Japan,Tokyo,139.7532,35.6882
95.186.110.67,Saudi Arabia,Jeddah,39.2192,21.5168
5.109.13.127,Saudi Arabia,Makkah,39.8261,21.4267
49.171.241.215,South Korea,Busan,129.0442,35.1003
54.238.164.185,Japan,Tokyo,139.7532,35.6882
54.249.53.46,Japan,Tokyo,139.7532,35.6882
93.186.198.181,Germany,,9.491,51.2993
94.98.205.34,Saudi Arabia,Riyadh,46.7152,24.6537
81.1.242.237,Russia,Omsk,73.4001,54.9978
13.112.225.118,Japan,Tokyo,139.7532,35.6882
129.208.15.106,Saudi Arabia,Jeddah,39.2192,21.5168
54.250.17.24,Japan,Tokyo,139.7532,35.6882
139.99.145.75,Australia,Sydney,151.2002,-33.8591
54.37.245.78,France,,2.3387,48.8582
181.229.235.220,Argentina,Buenos Aires,-58.3845,-34.6021
51.218.70.72,Saudi Arabia,Dammam,50.1116,26.4336
5.101.166.197,Germany,,9.491,51.2993
93.136.24.39,Croatia,Zagreb,15.9793,45.8293
85.190.158.37,United States,New York,-74.0029,40.7145
192.168.1.2,,,,
111.73.46.18,China,,113.7266,34.7725
37.10.124.253,United States,Los Angeles,-118.278,34.0584
5.101.166.131,Germany,,9.491,51.2993
5.101.166.103,Germany,,9.491,51.2993
85.190.152.254,United States,Los Angeles,-118.244,34.0544
31.214.160.160,Germany,,9.491,51.2993
94.98.121.251,Saudi Arabia,Medina,39.6168,24.4662
2.88.252.133,Saudi Arabia,Riyadh,46.7152,24.6537
85.108.196.6,Turkey,Istanbul,28.9745,41.018
37.104.80.113,Saudi Arabia,Riyadh,46.7152,24.6537
117.24.14.61,China,,113.7266,34.7725
95.186.27.173,Saudi Arabia,Jeddah,39.2192,21.5168
109.166.23.171,Saudi Arabia,Jeddah,39.2192,21.5168
212.68.35.75,Turkey,,28.9948,41.0214
93.178.14.7,Saudi Arabia,Riyadh,46.7152,24.6537
159.0.222.122,Saudi Arabia,Makkah,39.8261,21.4267
183.220.1.118,China,Chengdu,104.0667,30.6667
176.189.80.205,France,Vendenheim,7.7153,48.6714
64.17.89.69,United States,Arvada,-105.1724,39.8634
146.90.14.41,United Kingdom,Rossendale,-2.3039,53.6969
2.62.50.122,Russia,Novokuznetsk,87.1,53.75
34.65.166.13,United States,,-97.822,37.751
105.104.27.134,Algeria,Guelma,7.4339,36.4661
109.64.102.50,Israel,Pardes Hanna Karkur,34.9778,32.4741
111.73.46.52,China,,113.7266,34.7725
85.190.154.112,Germany,,9.491,51.2993
85.190.155.151,Germany,,9.491,51.2993
85.190.154.79,Germany,,9.491,51.2993
34.65.168.24,United States,,-97.822,37.751
95.186.86.161,Saudi Arabia,Jeddah,39.2192,21.5168
179.13.76.74,Colombia,Sabaneta,-75.6208,6.1561
95.31.197.2,Russia,Donetsk,39.9558,48.3403
14.254.222.219,Vietnam,,105.9999,16.0023
181.142.224.19,Colombia,Bucaramanga,-73.119,7.1251
83.83.16.127,Netherlands,Houten,5.1638,52.0215
45.159.7.52,United Kingdom,Reading,-0.9207,51.4032
89.64.79.251,Poland,Warsaw,20.9851,52.2446
193.164.16.117,Russia,Moscow,37.6172,55.7527
46.251.238.158,Germany,,9.491,51.2993
212.68.35.72,Turkey,,28.9948,41.0214
37.114.61.215,Germany,,9.491,51.2993
111.73.46.115,China,,113.7266,34.7725
176.111.183.147,Ukraine,Kyzyl-Yar,35.3653,46.8489
87.125.20.17,Spain,Zaragoza,-0.8764,41.6574
212.68.35.140,Turkey,,28.9948,41.0214
85.190.155.190,Germany,,9.491,51.2993
14.51.6.4,South Korea,Nonsan,127.0847,36.2039
109.129.241.138,Belgium,Marcinelle,4.4439,50.3922
45.195.23.130,Hong Kong,,114.15,22.2909
37.104.153.120,Saudi Arabia,Riyadh,46.7152,24.6537
182.87.56.185,China,Nanchang,115.9333,28.55
113.234.59.14,China,Dalian,121.6022,38.9122
95.108.55.97,Poland,Poznan,16.924,52.4647
49.246.126.99,South Korea,Gwangju,126.9156,35.1496
171.100.236.195,Thailand,Nakhon Sawan,100.1167,15.6833
45.14.109.212,Ukraine,Shakhtarske,36.4025,48.3469
188.147.36.226,Poland,Sosnowiec,19.1494,50.2795
192.168.0.170,,,,
151.255.240.239,Saudi Arabia,Jeddah,39.2192,21.5168
121.169.72.46,South Korea,Anseong,127.2739,37.0124
183.95.74.235,China,Wuhan,114.2665,30.5856
36.27.209.106,China,,113.7266,34.7725
95.185.1.197,Saudi Arabia,Jeddah,39.2192,21.5168
178.206.186.9,Russia,Naberezhnyye Chelny,52.4385,55.7866
126.74.66.109,Japan,,139.69,35.69
5.16.115.255,Russia,St Petersburg,30.2619,59.8981
145.14.43.137,Estonia,Tallinn,24.7323,59.433
24.6.107.177,United States,Fremont,-122.0004,37.5625
86.242.146.4,France,Cergy,2.0755,49.0351
50.60.22.56,Saudi Arabia,Jeddah,39.2192,21.5168
147.135.39.13,United States,Hillsboro,-122.9638,45.5397
178.215.186.92,Ukraine,Chernivtsi,25.9448,48.2932
75.167.125.128,United States,Phoenix,-112.1941,33.4494
192.168.1.75,,,,
180.110.163.242,China,Nanjing,118.7778,32.0617
93.168.225.89,Saudi Arabia,Jeddah,39.2192,21.5168
2.91.143.228,Saudi Arabia,Riyadh,46.7152,24.6537
178.45.58.222,Russia,Tolyatti,49.3461,53.5303
192.168.1.128,,,,
171.4.221.226,Thailand,Chiang Mai,98.9782,18.791
179.162.145.15,Brazil,Teresina,-42.8037,-5.0822
179.180.134.234,Brazil,Fortaleza,-38.5257,-3.7196
99.14.102.21,United States,Sacramento,-121.4702,38.5725
128.0.115.33,Australia,Sydney,151.181,-33.943
125.140.243.199,South Korea,Chungju,127.9287,36.9767
83.33.63.207,Spain,Marchamalo,-3.1941,40.668
183.131.206.32,China,,113.7266,34.7725
212.15.166.80,Croatia,Bjelovar,16.8489,45.8986
46.251.238.166,Germany,,9.491,51.2993
85.190.158.31,United States,New York,-74.0029,40.7145
183.131.206.48,China,,113.7266,34.7725
187.190.156.229,Mexico,Mexico City,-99.0998,19.4539
67.176.121.177,United States,Littleton,-104.9708,39.5407
85.190.155.139,Germany,,9.491,51.2993
85.190.153.59,United States,Piscataway,-74.4606,40.5511
85.190.156.58,United States,Los Angeles,-118.244,34.0544
5.101.166.206,Germany,,9.491,51.2993
46.251.238.152,Germany,,9.491,51.2993
37.10.124.239,United States,Los Angeles,-118.278,34.0584
95.156.213.159,Germany,,9.491,51.2993
31.214.160.82,Germany,,9.491,51.2993
46.251.238.156,Germany,,9.491,51.2993
95.156.213.149,Germany,,9.491,51.2993
85.190.152.253,United States,Los Angeles,-118.244,34.0544
85.190.159.30,United States,Miami,-80.1817,25.7741
85.190.155.192,Germany,,9.491,51.2993
37.10.124.117,United States,Los Angeles,-118.278,34.0584
46.251.235.174,Germany,,9.491,51.2993
128.0.115.23,Australia,Sydney,151.181,-33.943
95.156.213.136,Germany,,9.491,51.2993
95.156.213.158,Germany,,9.491,51.2993
85.190.154.25,Germany,,9.491,51.2993
128.0.115.16,Australia,Sydney,151.181,-33.943
95.156.250.71,Germany,,9.491,51.2993
37.10.127.62,United States,Los Angeles,-118.2578,34.0549
37.10.127.66,United States,Los Angeles,-118.2578,34.0549
85.190.155.146,Germany,,9.491,51.2993
5.101.166.11,Germany,,9.491,51.2993
78.41.83.209,Spain,Biar,-0.7646,38.6312
183.131.206.47,China,,113.7266,34.7725
85.190.159.153,United States,Miami,-80.1817,25.7741
95.156.213.145,Germany,,9.491,51.2993
5.101.166.201,Germany,,9.491,51.2993
85.190.159.41,United States,Miami,-80.1817,25.7741
5.101.166.200,Germany,,9.491,51.2993
97.101.112.27,United States,Orlando,-81.4396,28.5788
46.251.238.173,Germany,,9.491,51.2993
95.156.213.150,Germany,,9.491,51.2993
85.190.158.30,United States,New York,-74.0029,40.7145
31.214.160.188,Germany,,9.491,51.2993
85.190.157.188,United States,Los Angeles,-118.244,34.0544
128.0.115.17,Australia,Sydney,151.181,-33.943
85.190.158.44,United States,New York,-74.0029,40.7145
31.214.160.220,Germany,,9.491,51.2993
85.190.155.148,Germany,,9.491,51.2993
212.68.35.150,Turkey,,28.9948,41.0214
104.18.18.94,United States,,-97.822,37.751
104.18.19.94,United States,,-97.822,37.751
104.18.175.67,United States,,-97.822,37.751
221.228.192.50,China,,113.7266,34.7725
104.18.174.67,United States,,-97.822,37.751
163.171.128.148,Germany,,9.491,51.2993
180.101.192.206,China,,113.7266,34.7725
23.62.125.212,United States,,-97.822,37.751
104.69.107.250,United States,,-97.822,37.751
104.126.240.66,United States,,-97.822,37.751
163.171.207.47,,,8,47
23.215.29.28,United States,,-97.822,37.751
95.100.138.228,,,8,47
221.228.74.249,China,Shenzhen,114.1333,22.5333
